Workbook

Sheet Sheet1
A3: Class | B3: Interlock | C3: Description | D3: Expression | E3: Tags
A4: 2 | B4: 00015-53-1 | C4: 01SC519-15 > 1070.0 OU 01SI519-14 > 1710.0 | D4: ('//01SC519-15/PV.CV' > 1070.0) OR ('//01M519-1/BACK_PV.CV' > 1710.0) | E4: 01M519-1
B5: 1176-05-14 | C5: BACK FLOW VALVS ILOCK CLASSE 2 | D5: (('//01PC211-04/PV.CV' > 1.76) OR ('//01PI211-05/AI1/PV.CV' > 1.76 )) AND ( '//01XV211-10/DC1/PV_D.CV' != 'SJC-vlvnc-pv:FECHADA' OR '//01XV211-11/DC1/PV_D.CV' != 'SJC-vlvnc-pv:FECHADA' OR '//01XV211-12/DC1/PV_D.CV' != 'SJC-vlvnc-pv:FECHADA' OR '//01XV211-13/DC1/PV_D.CV' != 'SJC-vlvnc-pv:FECHADA' OR '//01XV211-14/DC1/PV_D.CV' != 'SJC-vlvnc-pv:FECHADA' OR '//01XV211-15/DC1/PV_D.CV' != 'SJC-vlvnc-pv:FECHADA' OR '//01XV211-16/DC1/PV_D.CV' != 'SJC-vlvnc-pv:FECHADA' OR '//01XV211-19/DC1/PV_D.CV' != 'SJC-vlvnc-pv:FECHADA' OR '//01XV211-21/DC1/PV_D.CV' != 'SJC-vlvnc-pv:FECHADA' OR '//01XV211-24/DC1/PV_D.CV' != 'SJC-vlvnc-pv:FECHADA' OR '//01XV211-31/DC1/PV_D.CV' != 'SJC-vlvnc-pv:FECHADA' OR '//01XV211-34/DC1/PV_D.CV' != 'SJC-vlvnc-pv:FECHADA' OR '//01XV211-37/DC1/PV_D.CV' != 'SJC-vlvnc-pv:FECHADA' OR '//01XV211-40/DC1/PV_D.CV' != 'SJC-vlvnc-pv:FECHADA' OR '//01XV211-43/DC1/PV_D.CV' != 'SJC-vlvnc-pv:FECHADA' OR '//01XV213-12/DC1/PV_D.CV' != 'SJC-vlvnc-pv:FECHADA' OR '//01XV381-11/DC1/PV_D.CV' != 'SJC-vlvnc-pv:FECHADA' OR '//01XV381-12/DC1/PV_D.CV' != 'SJC-vlvnc-pv:FECHADA' OR '//01XV383-10/DC1/PV_D.CV' != 'SJC-vlvnc-pv:FECHADA' OR '//01XV383-11/DC1/PV_D.CV' != 'SJC-vlvnc-pv:FECHADA' OR '//01XV383-13/DC1/PV_D.CV' != 'SJC-vlvnc-pv:FECHADA') (*OR '//01PSH211-04/PV' = TRUE) SOMENTE FISICO*) | E5: 01XV213-12
D6: (('//01PC211-04/PV.CV' > 1.76) OR ('//01PI211-05/AI1/PV.CV' > 1.76 )) AND ( '//01XV211-10/DC1/PV_D.CV' != 'SJC-vlvnc-pv:FECHADA' OR '//01XV211-11/DC1/PV_D.CV' != 'SJC-vlvnc-pv:FECHADA' OR '//01XV211-12/DC1/PV_D.CV' != 'SJC-vlvnc-pv:FECHADA' OR '//01XV211-13/DC1/PV_D.CV' != 'SJC-vlvnc-pv:FECHADA' OR '//01XV211-14/DC1/PV_D.CV' != 'SJC-vlvnc-pv:FECHADA' OR '//01XV211-15/DC1/PV_D.CV' != 'SJC-vlvnc-pv:FECHADA' OR '//01XV211-16/DC1/PV_D.CV' != 'SJC-vlvnc-pv:FECHADA' OR '//01XV211-19/DC1/PV_D.CV' != 'SJC-vlvnc-pv:FECHADA' OR '//01XV211-21/DC1/PV_D.CV' != 'SJC-vlvnc-pv:FECHADA' OR '//01XV211-24/DC1/PV_D.CV' != 'SJC-vlvnc-pv:FECHADA' OR '//01XV211-31/DC1/PV_D.CV' != 'SJC-vlvnc-pv:FECHADA' OR '//01XV211-37/DC1/PV_D.CV' != 'SJC-vlvnc-pv:FECHADA' OR '//01XV211-40/DC1/PV_D.CV' != 'SJC-vlvnc-pv:FECHADA' OR '//01XV211-43/DC1/PV_D.CV' != 'SJC-vlvnc-pv:FECHADA' OR '//01XV213-12/DC1/PV_D.CV' != 'SJC-vlvnc-pv:FECHADA' OR '//01XV381-11/DC1/PV_D.CV' != 'SJC-vlvnc-pv:FECHADA' OR '//01XV381-12/DC1/PV_D.CV' != 'SJC-vlvnc-pv:FECHADA' OR '//01XV383-10/DC1/PV_D.CV' != 'SJC-vlvnc-pv:FECHADA' OR '//01XV383-11/DC1/PV_D.CV' != 'SJC-vlvnc-pv:FECHADA' OR '//01XV383-13/DC1/PV_D.CV' != 'SJC-vlvnc-pv:FECHADA' OR '//01XV211-34/DC1/PV_D.CV' != 'SJC-vlvnc-pv:FECHADA') (*OR '//01PSH211-04/PV' = TRUE) SOMENTE FISICO*) | E6: 01XV211-10,01XV211-11,01XV211-12,01XV211-13,01XV211-14,01XV211-15,01XV211-16,01XV211-19,01XV211-21,01XV211-24,01XV211-31,01XV211-34,01XV211-37,01XV211-40,01XV211-43,01XV381-11,01XV381-12,01XV383-10,01XV383-11,01XV383-13
B7: 1176-10-8 | C7: 01PI231-04 > 25.0 OR 01PSH231-04 = HIPRS OR 01PSH231-05 = HIPRS | D7: ('//01PI231-04/PV.CV' > 25.0) (*OR ('//01PSH231-04/PV' = TRUE) OR ('//01PSH231-05/PV' = TRUE) SOMENTE FISICO*) | E7: 01XV231-07,01XV231-10
B8: 1176-22-4 | C8: 01SAH515-14 = HISPD OU 01SAH515-14.1 > 1150.0 | D8: ('//01SAH515-14/PV.CV' = TRUE) (* OR '//01SAH515-14.1/PV.CV' > 1150.0) existe somente no campo*) | E8: 01M515-2
B9: 1176-23-4 | C9: 01SAH516-14 = HISPD OU 01SAH516-14.1 > 1150.0 | D9: ('//01SAH516-14/PV.CV' = TRUE) (* OR '//01SAH516-14.1/PV.CV' > 1150.0) existe somente no campo*) | E9: 01M516-2
A10: 3 | B10: 00015-53-3 | C10: 01NAH519-17 = HIVIB | D10: ('//01NAH519-17/PV.CV' = TRUE) | E10: 01M519-1
B11: 00015-53-4 | C11: 01SAL519-15 <> LOSPD OU 01SI519-14 > 0.0 OU 01SC519-15 > 0.0 OU 01M519-7 <> DESLIGADA | D11: ('//01SAL519-15/PV.CV' != TRUE) OR ('//01M519-1/BACK_PV.CV' > 0.0) OR ('//01SC519-15/PV.CV' > 0.0) OR ('//01M519-7/PV_D' != 'SJC_MOTOR-21_PV:DESLIGADA') | E11: 01XV519-08
B12: 00015-53-5 | C12: 01XV519-08 <> TRAVADA | D12: '//01XV519-08/PV_D.CV' != 'SJC_LOCK_PV-TMP:TRAVADA' | E12: 01M519-1,01XV519-05,01XV519-18,01XV519-63
B13: 1176-05-28 | C13: 01PC211-04 > 4.2 kg/cm² OU 01PI211-05 > 4.2 kg/cm² | D13: ('//01PC211-04/PV.CV' > 4.2) OR ( '//01PI211-05/AI1/PV.CV' > 4.2 ) | E13: 01XV211-09,01XV213-10,01XV213-11,01XV231-09
B14: 1176-22-10 | C14: 01SAL515-14 <> LOSPD | D14: ('//01SAL515-14/PV.CV' != TRUE) | E14: 01XV515-09
B15: 1176-22-3 | C15: 01ZA515-09 <> FECHADA | D15: ('//01ZA515-09/PV.CV' != FALSE) | E15: 01M515-2,01XV515-03,01XV515-06,01XV515-08,01XV515-20,01XV515-31
B16: 1176-22-9 | C16: 01NAHH515-17 = HIVIB | D16: ('//01NAHH515-17/PV.CV' = TRUE) | E16: 01M515-2
B17: 1176-23-10 | C17: 01SAL516-14 <> LOSPD | D17: ('//01SAL516-14/PV.CV' != TRUE) | E17: 01XV516-09
B18: 1176-23-3 | C18: 01ZA516-09 <> FECHADA | D18: ('//01ZA516-09/PV.CV' != FALSE) | E18: 01M516-2,01XV516-03,01XV516-06,01XV516-08,01XV516-20,01XV516-31
B19: 1176-23-9 | C19: 01NAHH516-17 = HIVIB | D19: ('//01NAHH516-17/PV.CV' = TRUE) | E19: 01M516-2
B20: 1176-24-6 | C20: 01SAL640-10 = LOSPD | D20: ('//01SAL640-10/PV.CV' = TRUE) | E20: 01M640-2
B21: 1176-29-1 | C21: 01TAH930-05 = HITMP OU 01TAH930-06 = HITMP | D21: ('//01TAH930-05/PV.CV' = TRUE) OR ('//01TAH930-06/PV.CV' = TRUE) | E21: 01XV930-22
D22: ('//01TAH930-05/PV.CV' = TRUE)OR('//01TAH930-06/PV.CV' = TRUE) | E22: 01SV930-08,01XV930-21
B23: 6003-221-01 | C23: 21AI607-08 >= 8.0 OU 21AI607-12 >= 8.0) | D23: ('//21AI607-08/PV.CV' >= 8.0) OR ('//21AI607-12/PV.CV' >= 8.0); | E23: 21XV601-01
C24: 21AI607-08 => 8 OU 21AI607-12 => 8 | D24: ('//21AI607-08/PV.CV' >= 8.0) OR ('//21AI607-12/PV.CV' >= 8.0) | E24: 01M145
C25: 21AI607-08 > 8 OU 21AI607-12 > 8 | D25: ('//21AI607-08/PV.CV' > 8.0) OR ('//21AI607-12/PV.CV' > 8.0) | E25: 01M146
A26: 4 | B26: 00015-53-20 | C26: 01LI519-01 < 500.0 | D26: ('//01LI519-01/PV.CV' < 500.0) | E26: 01XV519-08
B27: 00015-53-6 | C27: 01SAL519-04 = LOSPD E 01M519-7 = LIGADA POR 30 SEG | D27: ('//01SAL519-04/PV.CV' = TRUE ) AND ('//01M519-7/PV_D' = 'SJC_MOTOR-21_PV:LIGADA') | E27: 01M519-7
B28: 00015-53-9 | C28: 01II519-03 > 8.0 POR 15 SEG | D28: ('//01II519-03/PV.CV' > 8.0) | E28: 01XV519-63
B29: 00015-54-1 | C29: 01FAL519-82 = LOFLW | D29: ('//01FAL519-82/PV.CV' = TRUE) | E29: 01M519-1
B30: 00015-54-2 | C30: 01FAL519-83 = LOFLW | D30: ('//01FAL519-83/PV.CV' = TRUE) | E30: 01M519-1
B31: 00015-54-6 | C31: 01LAL519-62 = LOLVL E 01M519-6 = LIGADA | D31: ('//01LAL519-62/PV.CV' = TRUE ) AND ('//01M519-6/PV_D' = 'SJC_MOTOR-21_PV:LIGADA') | E31: 01M519-6
B32: 00015-54-7 | C32: 01TAH519-92 > 60 ºC E 01M519-6 = LIGADA | D32: ('//01TAH519-92/PV.CV' = TRUE ) AND ('//01M519-6/PV_D' = 'SJC_MOTOR-21_PV:LIGADA') | E32: 01M519-6
B33: 00015-54-8 | C33: 01PDAH519-61 > 2 KGF E 01M519-6 = LIGADA POR 30 SEG | D33: ('//01PDAH519-61/PV.CV' = TRUE ) AND ('//01M519-6/PV_D' = 'SJC_MOTOR-21_PV:LIGADA') | E33: 01M519-6
B34: 00050-67-1 | C34: (06II945-01 < 8.5 E 06M945 = LIGADA) POR 60 SEG | D34: ('//06II945-01/PV.CV' < 8.5 AND '//06M945/PV_D' = 'SJC_MOTOR-21_PV:LIGADA') | E34: 06M945
B35: 00050-69-1 | C35: 06LAH781-02 = HILVL OU 06LI781-01 > 90.0 | D35: ('//06LAH781-02/PV' = TRUE) OR ('//06LI781-01/PV.CV' > 90.0) | E35: 06XV781-10
B36: 00050-69-10 | C36: 06M785 <> LIGADA | D36: '//06M785/PV_D' != 'SJC_MOTOR-21_PV:LIGADA' | E36: 06XV785-10,06XV785-11
B37: 00050-69-11 | C37: 06M799 <> LIGADA E 06XV796-01 <> FECHADA por 45s | D37: ( '//06M799/DC1/PV_D.CV' != 'SJC_MOTOR-21_PV:LIGADA' ) AND ( '//06XV796-01/DC1/PV_D.CV' != 'SJC-vlvnc-pv:FECHADA' ) | E37: 06XV796-01
B38: 00050-69-5 | C38: 06LI781-01 < 1.0 POR 15 SEG | D38: ('//06LI781-01/PV.CV' < 1.0) | E38: 06M785
... B40: 00050-69-7 | C40: XV785-10<>CLOSE E (DEV:06FC782-04 OU DEV:06FC782-05 OU DEV:06FC782-06 OU DEV:06FC798-01 OU DEV:06FC799-01) > 3.0% POR 180SEG | D40: '//06XV785-10/PV_D.CV' != 'SJC-vlvnc-pv:FECHADA' AND (( ABS ( '//06FC782-04/PID1/PV.CV' - '//06FC782-04/PID1/SP.CV' ) * 100 ) / ( '//06FC782-04/PID1/SP.CV' + 0.001 ) > 3.0 OR ( ABS ( '//06FC782-05/PID1/PV.CV' - '//06FC782-05/PID1/SP.CV' ) * 100 ) / ( '//06FC782-05/PID1/SP.CV' + 0.001 ) > 3.0 OR ( ABS ( '//06FC782-06/PID1/PV.CV' - '//06FC782-06/PID1/SP.CV' ) * 100 ) / ( '//06FC782-06/PID1/SP.CV' + 0.001 ) > 3.0 OR ( ( ABS ( '//06FC798-01/PID1/PV.CV' - '//06FC798-01/PID1/SP.CV' ) * 100 ) / ( '//06FC798-01/PID1/SP.CV' + 0.001 ) > 3.0 AND '//06ANTIF-SEL/SP_D.CV' = 'SJC_HABILITA_SP:HABILITA' ) OR ( ( ABS ( '//06FC799-01/PID1/PV.CV' - '//06FC799-01/PID1/SP.CV' ) * 100 ) / ( '//06FC799-01/PID1/SP.CV' + 0.001 ) > 3.0 AND '//06DYE-SEL/SP_D.CV' = 'SJC_HABILITA_SP:HABILITA' )) | E40: 06M798,06M799
D41: '//06XV785-10/PV_D.CV' != 'SJC-vlvnc-pv:FECHADA' AND (( ABS ( '//06FC782-04/PID1/PV.CV' - '//06FC782-04/PID1/SP.CV' ) * 100 ) / ( MAX(1,'//06FC782-04/PID1/SP.CV') ) > 3.0 OR ( ABS ( '//06FC782-05/PID1/PV.CV' - '//06FC782-05/PID1/SP.CV' ) * 100 ) / ( MAX(1,'//06FC782-05/PID1/SP.CV') ) > 3.0 OR ( ABS ( '//06FC782-06/PID1/PV.CV' - '//06FC782-06/PID1/SP.CV' ) * 100 ) / ( MAX(1,'//06FC782-06/PID1/SP.CV') ) > 3.0 OR ( ( ABS ( '//06FC798-01/PID1/PV.CV' - '//06FC798-01/PID1/SP.CV' ) * 100 ) / ( MAX(1,'//06FC798-01/PID1/SP.CV') ) > 3.0 AND '//06ANTIF-SEL/SP_D.CV' = 'SJC_HABILITA_SP:HABILITA' ) OR ( ( ABS ( '//06FC799-01/PID1/PV.CV' - '//06FC799-01/PID1/SP.CV' ) * 100 ) / ( MAX(1,'//06FC799-01/PID1/SP.CV') ) > 3.0 AND '//06DYE-SEL/SP_D.CV' = 'SJC_HABILITA_SP:HABILITA' )) | E41: 06XV782-10,06XV782-11,06XV785-10,06XV796-01,06XV796-02
B42: 00050-69-8 | C42: 06TI781-03 > 62 ºC | D42: ('//06TI781-03/PV.CV' > 62.0) | E42: 06M785
B43: 00050-69-9 | C43: 06XV781-04 < > TANQUE | D43: '//06XV781-04/PV_D.CV' != 'SJC_3WAY_VALVE:TANQUE'; | E43: 06XV785-10
B44: 00050-70-1 | C44: (06LAH790-02 = HILVL OU 06LI790-01 > 90.0) | D44: ('//06LAH790-02/PV' = TRUE) OR ('//06LI790-01/PV.CV' > 90.0) | E44: 06FC782-04,06FC782-05,06FC782-06,06M240,06M316,06M798,06M799,06XV782-10,06XV782-11,06XV785-10,06XV796-01,06XV796-02
B45: 00050-70-6 | C45: 06PDI792-01 > 1.5 POR 30 SEG | D45: ('//06PDI792-01/PV.CV' > 1.5) | E45: 06M795,06XV795-10
B46: 00050-70-7 | C46: 06M795 <> LIGADA E 06XV795-10 <> FECHADA | D46: '//06M795/PV_D' != 'SJC_MOTOR-21_PV:LIGADA' AND '/DC1/PV_D.CV' != 'SJC-vlvnc-pv:FECHADA' | E46: 06XV795-10
B47: 0005-69-12 | C47: 06M798 <> LIGADA E 06XV796-02 <> FECHADA por 45s | D47: ( '//06M798/DC1/PV_D.CV' != 'SJC_MOTOR-21_PV:LIGADA' ) AND ( '//06XV796-02/DC1/PV_D.CV' != 'SJC-vlvnc-pv:FECHADA' ) | E47: 06XV796-02
B48: 0050-69-13 | C48: 06M210 <> LIGADA E 06XV210-02 <> FECHADA por 45s | D48: ( '//06M210/DC1/PV_D.CV' != 'SJC_MOTOR-21_PV:LIGADA' ) AND ( '//06XV210-02/DC1/PV_D.CV' != 'SJC-vlvnc-pv:FECHADA' ) | E48: 06XV210-02
B49: 10017-1-2 | C49: 01FAL172-04 = LOFLOW POR 5 SEG | D49: '//01FAL172-04/PV' = TRUE | E49: 01M172,01M173
B50: 10017-1-3 | C50: 01FAL923-04 = LOFLOW POR 5 SEG | D50: '//01FAL923-04/PV' = TRUE | E50: 01M510,01M511,01M512
B51: 1176-02-2 | C51: 01LI155-02 > 90.0 | D51: ('//01LI155-02/PV.CV' > 90.0) | E51: 01XV155-01,01XV155-13
B52: 1176-02-5 | C52: (01LI155-02 > 90.0) E (01XV155-06 <> FECHADA OU 01XV155-09 <> FECHADA) | D52: ('//01LI155-02/PV.CV' > 90.0) AND ('//01XV155-06/PV_D.CV' !='SJC-vlvno-pv:FECHADA' OR '//01XV155-09/PV_D.CV' !='SJC-vlvnc-pv:FECHADA') | E52: 01XV155-04
B53: 1176-02-9 | C53: 01FAL158-04 = LOFLOW POR 5 SEG | D53: '//01FAL158-04/PV' = TRUE | E53: 01M158,01M159
... B60: 1176-05-27 | C60: 01PI231-04 > 45 | D60: ('//01PI231-04/PV.CV' > 45.0) | E60: 01XV213-13
C61: 01PI231-04 > 45.0 | D61: ('//01PI231-04/PV.CV' > 45.0) | E61: 01XV211-09,01XV213-10,01XV213-11,01XV231-09
B62: 1176-05-33 | C62: 01M837 = DESLIGADO E 01M836 = DESLIGADO | D62: '//01M837/PV_D.CV' = 'SJC_MOTOR-21_PV:DESLIGADA' AND '//01M836/PV_D.CV' = 'SJC_MOTOR-21_PV:DESLIGADA' | E62: 01M135,01M136,01M158,01M159,01M213,01M233,01M234,01M256,01M341,01M526,01M528,01M531,01M976
D63: '//01M837/PV_D.CV' = 'SJC_MOTOR-21_PV:DESLIGADA'AND '//01M836/PV_D.CV' = 'SJC_MOTOR-21_PV:DESLIGADA' | E63: 01M464,01M465
B64: 1176-05-37 | C64: 01BFC-EMERGENCY = PARADA EMERGENCIA | D64: '//01BFC-EMERGENCY/PV.CV' = 'SJC_PARADA_EMR:PARADA EMERGENCIA' | E64: 01M158,01M159,01M217,01M218,01M227,01M228,01M233,01M234,01M241,01M242,01M417,01M418
B65: 1176-05-38 | C65: (01XV211-09 OU 01XV231-09 OU 01XV213-10 OU 01XV213-11 = FECHADA ) E (01XV211-06 = FECHADA) | D65: (('//01XV211-09/PV_D.CV' = 'SJC-vlvnc-pv:FECHADA' OR '//01XV231-09/PV_D.CV' = 'SJC-vlvnc-pv:FECHADA' OR '//01XV213-10/DC1/PV_D.CV' = 'SJC-vlvnc-pv:FECHADA' OR '//01XV213-11/DC1/PV_D.CV' = 'SJC-vlvnc-pv:FECHADA') AND ('//01XV211-06/PV_D.CV' = 'SJC-vlvnc-pv:FECHADA')) | E65: 01XV211-33
B66: 1176-05-39 | C66: XV's BACK FLOW <> FECHADA | D66: ((('//01PC211-04/PV.CV' > 1.76) OR ( '//01PI211-05/AI1/PV.CV' > 1.76)) AND ('//01XV211-10/PV_D.CV' != 'SJC-vlvnc-pv:FECHADA') OR ('//01XV211-11/PV_D.CV' != 'SJC-vlvnc-pv:FECHADA') OR (('//01XV211-12/PV_D.CV' != 'SJC-vlvnc-pv:FECHADA') OR ('//01XV211-13/PV_D.CV' != 'SJC-vlvnc-pv:FECHADA') OR ('//01XV211-14/PV_D.CV' != 'SJC-vlvnc-pv:FECHADA') OR ('//01XV211-15/PV_D.CV' != 'SJC-vlvnc-pv:FECHADA') OR ('//01XV211-16/PV_D.CV' != 'SJC-vlvnc-pv:FECHADA') OR ('//01XV211-19/PV_D.CV' != 'SJC-vlvnc-pv:FECHADA') OR ('//01XV211-21/PV_D.CV' != 'SJC-vlvnc-pv:FECHADA') OR ('//01XV211-24/PV_D.CV' != 'SJC-vlvnc-pv:FECHADA') OR ('//01XV211-31/PV_D.CV' != 'SJC-vlvnc-pv:FECHADA') OR ('//01XV211-40/PV_D.CV' != 'SJC-vlvnc-pv:FECHADA') OR ('//01XV211-43/PV_D.CV' != 'SJC-vlvnc-pv:FECHADA') OR ('//01XV211-37/PV_D.CV' != 'SJC-vlvnc-pv:FECHADA'))) | E66: 01XV211-41,01XV211-42
D67: ((('//01PC211-04/PV.CV' > 1.76) OR ('//01PI211-05/AI1/PV.CV' > 1.76))AND (('//01XV211-10/PV_D.CV' != 'SJC-vlvnc-pv:FECHADA') OR ('//01XV211-11/PV_D.CV' != 'SJC-vlvnc-pv:FECHADA') OR ('//01XV211-12/PV_D.CV' != 'SJC-vlvnc-pv:FECHADA') OR ('//01XV211-13/PV_D.CV' != 'SJC-vlvnc-pv:FECHADA') OR ('//01XV211-14/PV_D.CV' != 'SJC-vlvnc-pv:FECHADA') OR ('//01XV211-15/PV_D.CV' != 'SJC-vlvnc-pv:FECHADA') OR ('//01XV211-16/PV_D.CV' != 'SJC-vlvnc-pv:FECHADA') OR ('//01XV211-19/PV_D.CV' != 'SJC-vlvnc-pv:FECHADA') OR ('//01XV211-21/PV_D.CV' != 'SJC-vlvnc-pv:FECHADA') OR ('//01XV211-24/PV_D.CV' != 'SJC-vlvnc-pv:FECHADA') OR ('//01XV211-31/PV_D.CV' != 'SJC-vlvnc-pv:FECHADA') OR ('//01XV211-37/PV_D.CV' != 'SJC-vlvnc-pv:FECHADA') OR ('//01XV211-40/PV_D.CV' != 'SJC-vlvnc-pv:FECHADA') OR ('//01XV211-43/PV_D.CV' != 'SJC-vlvnc-pv:FECHADA'))) | E67: 01XV211-20
B68: 1176-05-40 | C68: (01PAL213-04 = LOWPRESS) DURANTE 15 s | D68: ('//01PAL213-04/DI1/PV_D.CV' = TRUE) | E68: 01M213
B69: 1176-05-41 | C69: 01XV211-10 <> ABERTA por 15s | D69: ('//01XV211-10/DC1/PV_D.CV' != 'SJC-vlvnc-pv:ABERTA') | E69: 01XV211-11,01XV211-12,01XV211-13,01XV211-15,01XV211-19,01XV211-31,01XV211-37,01XV211-40,01XV211-43
B70: 1176-05-6 | C70: 01LAH211-02 = HILVL OU 01LI211-01 | D70: ('//01LAH211-02/PV' = TRUE) OR ('//01LI211-01/AI1/PV.CV' > 95) | E70: 01XV211-42
C71: 01LAH211-02 = HILVL OU 01LI211-01 > 95% | D71: ('//01LAH211-02/PV' = TRUE) OR ('//01LI211-01/AI1/PV.CV' > 95) | E71: 01XV211-10,01XV211-11,01XV211-12,01XV211-13,01XV211-14,01XV211-15,01XV211-16,01XV211-19,01XV211-20,01XV211-21,01XV211-24,01XV211-31,01XV211-37,01XV211-40,01XV211-41,01XV211-43,01XV220-06,01XV381-11,01XV381-12,01XV383-10,01XV383-11
B72: 1176-05-7 | C72: (01PC211-04 > 1.0) E (01STATUS-211 <> TRANSFERIR) | D72: ('//01PC211-04/PV.CV' > 1.0) AND ('//01STATUS-211/PV.CV' != 'SJC_STAT211TEMP:TRANSFERIR') | E72: 01XV211-09,01XV213-10,01XV213-11,01XV231-09
B73: 1176-05-A7 | C73: 01STATUS-211 = REAGIR | D73: (*'//01STATUS-211/REQ_SP.CV' = 'SJC_STAT211TEMP:REAGIR'*) '//01REACT211_UN/UNIT_STATUS.CV' = 'SJC-UNIT_STATUS:REAGIR' | E73: 01XV215-05
B74: 1176-07-5 | C74: 01AI229-16 > 0.12 E 01STATUS-211=REAGIR OU TRANSFERIR | D74: ( '//01AI229-16/PV.CV' > 0.12 ) AND ('//01STATUS-211/PV.CV' = 'SJC_STAT211TEMP:REAGIR' OR '//01STATUS-211/PV.CV' = 'SJC_STAT211TEMP:TRANSFERIR' ) | E74: 01XV211-20
B75: 1176-08-4 | C75: 01PDI785-04 > -0.5 | D75: ('//01PDI785-04/PV.CV' > -0.5) | E75: 01M751,01XV771-10
B76: 1176-08-5 | C76: 01FC785-05 < 12 por 330 Seg | D76: ('//01FC785-05/PV.CV' < 12) | E76: 01XV211-09,01XV213-10,01XV213-11,01XV231-09,01XV238-10
B77: 1176-08-7 | C77: 01AI785-17 > 0.065 | D77: ('//01AI785-17/PV.CV' > 0.065) | E77: 01XV211-09,01XV213-10,01XV213-11,01XV231-09,01XV238-10
B78: 1176-10-1 | C78: (01LI231-01 > 98.0) OU (01LAH231-02 = HILVL) | D78: ('//01LI231-01/PV.CV' > 98.0) OR ('//01LAH231-02/PV' = TRUE) | E78: 01XV213-10,01XV213-11,01XV213-13
C79: 01LI231-01 > 98.0 OU 01LAH231-02 = HILVL | D79: ('//01LI231-01/PV.CV' > 98.0) OR ('//01LAH231-02/PV' = TRUE) | E79: 01XV211-09,01XV211-33,01XV211-36,01XV231-07,01XV231-09,01XV233-01,01XV234-01,01XV244-05,01XV244-08
B80: 1176-10-11 | C80: 01M301 = DESLIGADA E 01M302 = DESLIGADA | D80: ('//01M301/PV_D' = 'SJC_MOTOR-21_PV:DESLIGADA') AND ('//01M302/PV_D' = 'SJC_MOTOR-21_PV:DESLIGADA') | E80: 01M233,01M234,01XV231-05
B81: 1176-10-14 | C81: 01LAH231-02 = TRUE E (01XV238-15 <> RECIRC OU XV 244-7 <> FECHADA | D81: ('//01LAH231-02/DI1/PV_D.CV' = TRUE AND ('//01XV238-15/PV_D.CV' != 'SJC_VALVE12-3W:RECIRC' OR '//01XV244-07/PV_D.CV' != 'SJC-vlvnc-pv:FECHADA')) | E81: 01XV530-15
B82: 1176-11-11 | C82: 01FAL241-04 = LOFLOW POR 5 SEG | D82: '//01FAL241-04/PV' = TRUE | E82: 01M241,01M242
B83: 1176-11-13 | C83: 01PI238-04 > 2.6 OR 01PI238-05 > 2.6 | D83: '//01PI238-04/AI1/PV.CV' > 2.6 OR '//01PI238-05/AI1/PV.CV' > 2.6 | E83: 01XV238-10
B84: 1176-11-2 | C84: 01LI239-01 > 95.0 OU 01LAH239-02 = HILVL | D84: ('//01LI239-01/PV.CV' > 95.0) OR ('//01LAH239-02/PV' = TRUE) | E84: 01M233,01M234,01XV238-10,01XV239-11,01XV247-02
B85: 1176-13-1 | C85: 01LI415-02 > 95.0 | D85: ('//01LI415-02/PV.CV' > 95.0) | E85: 01XV238-15,01XV244-03,01XV244-05,01XV244-08,01XV415-05,01XV415-07,01XV485-10
B86: 1176-13-13 | C86: 01FAL417-04 = LOFLOW POR 5 SEG | D86: '//01FAL417-04/PV' = TRUE | E86: 01M417,01M418
B87: 1176-13-14 | C87: 01PI244-01 < -0.1 AND 01XV238-06 != FECHADA AND 01XV238-10 != FECHADA AND 01XV238-15 != RECIRC AND 01XV244-03 != FECHADA | D87: '//01PI244-01/AI1/PV.CV' < -0.1 AND '//01XV238-06/DC1/PV_D.CV' != 'SJC-vlvno-pv:FECHADA' AND '//01XV238-10/DC1/PV_D.CV' != 'SJC-vlvnc-pv:FECHADA' AND '//01XV238-15/DC1/PV_D.CV' != 'SJC_VALVE12-3W:RECIRC' AND '//01XV244-03/DC1/PV_D.CV' != 'SJC-vlvnc-pv:FECHADA' | E87: 01XV244-06
B88: 1176-13-15 | C88: (01TI415-03 > 102˚C OR 01PC415-10.OUT < 85%) AND (01XV530-14 = 'EFT') AND (01XV530-10 = 'TRANSFERIR') | D88: ('//01TI415-03/AI1/PV.CV' > 102 OR '//01PC415-10/PID1/OUT.CV' < 85) AND ('//01XV530-14/DC1/PV_D.CV' = 'SJC_XV530-14TEMP:EFT') AND ('//01XV530-10/DC1/PV_D.CV' = 'SJC_VALVE12-3W:TRANSFERIR') | E88: 01XV530-10
B89: 1176-13-16 | C89: 01PT415-10 > 18 PSI POR 10 SEG | D89: '//01PC415-10/AI1/PV.CV' > 18; | E89: 01XV238-15
B90: 1176-13-2 | C90: 01LI415-02 > 95.0 E 01XV530-14 = EFT E 01XV530-10 = TRANSFERIR | D90: ('//01LI415-02/PV.CV' > 95.0) AND ('//01XV530-14/PV_D.CV' = 'SJC_XV530-14TEMP:EFT') AND ('//01XV530-10/PV_D.CV' = 'SJC_VALVE12-3W:TRANSFERIR') | E90: 01M531,01XV530-10
B91: 1176-13-5 | C91: 01LAH415-02 = HILVL | D91: ('//01LAH415-02/PV' = TRUE) | E91: 01XV238-15,01XV244-03,01XV244-05,01XV244-08,01XV415-05,01XV415-07,01XV485-10
... B103: 1176-16-6 | C103: 01PI470-07 > 10.4 OU 01PI471-07 > 10.4 kgf/cm2 | D103: '//01PI470-07/PV.CV' > 10.4 OR '//01PI471-07/PV.CV' > 10.4 | E103: 01M464
C104: 01PI470-07 OU 01PI471-07 > 10.4 | D104: '//01PI470-07/PV.CV' > 10.4 OR '//01PI471-07/PV.CV' > 10.4 | E104: 01M465
B105: 1176-16-7 | C105: 01FAL464-04 = LOFLOW POR 5 SEG | D105: '//01FAL464-04/PV' = TRUE | E105: 01M464,01M465
B106: 1176-19-1 | C106: (LI530-01>95 OU LAH530-02=TRUE) E (XV530-05<>CLOSE) E (XV460-06<>CLOSE OU XV460-07<>CLOSE OU (XV460-08/09<>CLOSE) | D106: ('//01LI530-01/PV.CV' > 95.0 OR '//01LAH530-02/DI1/PV_D.CV' = TRUE) AND ('//01XV530-05/PV_D.CV' !='SJC-vlvnc-pv:FECHADA') AND ('//01XV460-06/PV_D.CV' !='SJC-vlvnc-pv:FECHADA' OR '//01XV460-07/PV_D.CV' !='SJC-vlvnc-pv:FECHADA' OR ('//01XV460-08/PV_D.CV' !='SJC-vlvnc-pv:FECHADA' AND '//01XV460-09/PV_D.CV' !='SJC-vlvnc-pv:FECHADA' ) ) | E106: 01XV530-05,01XV530-15
B107: 1176-19-11 | C107: 01LAH530-02 = HILVL | D107: '//01LAH530-02/PV' = TRUE | E107: 01M256,01XV460-17,01XV525-07,01XV525-10,01XV530-06,01XV530-09,01XV530-15
B108: 1176-19-2 | C108: 01LI530-01 > 95.0 E 01XV530-06 <> FECHADA | D108: ('//01LI530-01/PV.CV' > 95.0) AND ('//01XV530-06/PV_D.CV' !='SJC-vlvnc-pv:FECHADA') | E108: 01XV470-01,01XV470-02
B109: 1176-19-3 | C109: 01LI530-01 > 95.0 | D109: '//01LI530-01/PV.CV' > 95.0 | E109: 01XV525-07,01XV525-10,01XV530-06
B110: 1176-19-5 | C110: (LI530-01 > 95.0 OU LAH530-02 = HILVL) E (XV530-10 <> TRANSF E XV530-11 <> FECHA E XV530-05 <> FECHA OU XV530-08 <> FECHA) | D110: ('//01LI530-01/PV.CV' > 95.0 OR '//01LAH530-02/PV.CV' = TRUE) AND ( ('//01XV530-10/PV_D.CV' != 'SJC_VALVE12-3W:TRANSFERIR' AND '//01XV530-11/PV_D.CV' !='SJC-vlvno-pv:FECHADA' AND '//01XV530-05/PV_D.CV' !='SJC-vlvnc-pv:FECHADA' ) OR '//01XV530-08/PV_D.CV' !='SJC-vlvnc-pv:FECHADA') | E110: 01XV530-09
B111: 1176-19-8 | C111: (01LI500-01 > 75.0 OU 01LAH500-02= HILVL) E 01XV530-14 = CFT E 01XV530-10 = TRANSFERIR | D111: ('//01LI500-01/PV.CV' > 75.0 OR '//01LAH500-02/PV.CV' = TRUE) AND ('//01XV530-14/PV_D.CV' = 'SJC_XV530-14TEMP:CFT') AND ('//01XV530-10/PV_D.CV' = 'SJC_VALVE12-3W:TRANSFERIR') | E111: 01M531
B112: 1176-20-1 | C112: 01LI950-01 > 95.0 OU 01LAH950-03 = HILVL | D112: (*Alto nivel do tanque de ajuste de sal 1-950*) ('//01LI950-01/PV.CV' > 95.0) OR ('//01LAH950-03/PV' = TRUE) | E112: 01M923,01M924
D113: ('//01LI950-01/PV.CV' > 95.0) OR ('//01LAH950-03/PV' = TRUE) | E113: 01XV950-04,01XV950-05
B114: 1176-20-10 | C114: 01M963 <> LIGADA E ALIN-FLAG = KOH | D114: ('//01M963/PV_D' != 'SJC_MOTOR-21_PV:LIGADA') AND ('//01ALIN-FLAG/PV.CV' = 'ks_KOH_IPA_vlv_CS:KOH') | E114: 01XV960-06
B115: 1176-20-11 | C115: 01M923 <> LIGADA E 01M924 <> LIGADA E 01M931 <> DESLIGADA E ALIN-FLAG = NH3 | D115: (('//01M923/PV_D' != 'SJC_MOTOR-21_PV:LIGADA') AND ('//01M924/PV_D' != 'SJC_MOTOR-21_PV:LIGADA') AND ('//01M931/PV_D' != 'SJC_MOTOR-21_PV:DESLIGADA') AND ('//01ALIN-FLAG/PV.CV' = 'ks_KOH_IPA_vlv_CS:NH3')) | E115: 01XV950-07
B116: 1176-20-12 | C116: (01XV930-21<> FECHADA) * {ABS((01FI923-16 + 01FC930-08 + 01FC930-28 - (01FC930-03 + 01FC930-27)) > 12500 POR 15 SEG | D116: ('//01XV950-05/PV_D.CV' != 'SJC-vlvnc-pv:FECHADA') | E116: 01XV950-07
C117: 01XV950-05 <> FECHADA | D117: ('//01XV950-05/PV_D.CV' != 'SJC-vlvnc-pv:FECHADA') | E117: 01XV950-07,01XV960-05
B118: 1176-20-13 | C118: 01XV960-05 <> FECHADA | D118: ('//01XV960-05/PV_D.CV' != 'SJC-vlvnc-pv:FECHADA') | E118: 01XV950-05,01XV950-07
B119: 1176-20-14 | C119: 01XV950-07 <> FECHADA | D119: ('//01XV950-07/PV_D.CV' != 'SJC-vlvnc-pv:FECHADA') | E119: 01XV950-05,01XV960-05
B120: 1176-20-2 | C120: 01LI960-01 > 95.0 OU 01LAH960-03 = HILVL | D120: ('//01LI960-01/PV.CV' > 95.0) OR ('//01LAH960-03/PV' = TRUE) | E120: 01M923,01M924,01XV960-04,01XV960-05
...

Sheet tbl_Modules_data
A1: Interlock | B1: Column3 | C1: Class | D1: Expression | E1: Description | F1: Tags
A2: 01XV155-10<>ABERTAE01XV155-08<>ABERTA | B2: =VLOOKUP(tbl_Modules_data[[#This Row],[Interlock]],Sheet2!A:B,2,FALSE) -> #N/A | D2: '//01XV155-10/PV_D.CV' != 'SJC-vlvnc-pv:ABERTA' AND '//01XV155-08/PV_D.CV' != 'SJC-vlvno-pv:ABERTA' | E2: 01XV155-10 <> ABERTA E 01XV155-08 <> ABERTA | F2: 01FC155-11
A3: 01M172E01M173=DESLIGADA | B3: =VLOOKUP(tbl_Modules_data[[#This Row],[Interlock]],Sheet2!A:B,2,FALSE) -> #N/A | D3: '//01M172/DC1/PV_D.CV' = 'SJC_MOTOR-2SPD:DESLIGADA' AND '//01M173/DC1/PV_D.CV' = 'SJC_MOTOR-2SPD:DESLIGADA' | F3: 01FC170-05
A4: 01XV211-20<>ABERTA | B4: =VLOOKUP(tbl_Modules_data[[#This Row],[Interlock]],Sheet2!A:B,2,FALSE) -> #N/A | D4: ('//01XV211-20/PV_D.CV' != 'SJC-vlvnc-pv:ABERTA') | F4: 01FC211-20
A5: 1176-05-29 | B5: =VLOOKUP(tbl_Modules_data[[#This Row],[Interlock]],Sheet2!A:B,2,FALSE) -> 1176-05-29 | C5: U | D5: ('//01PC211-04/PV.CV' > 9)OR ('//01PI211-05/PV.CV' > 9) | E5: 01PC211-04 > 9 kg/cm² OU 01PI211-05 > 9 kg/cm² | F5: 01FC215-01,01XV215-06
A6: 1176-05-31 | B6: =VLOOKUP(tbl_Modules_data[[#This Row],[Interlock]],Sheet2!A:B,2,FALSE) -> 1176-05-31 | C6: U | D6: ('//01TC211-05/PV.CV' > 120.0) | E6: 01TC211-05 > 120.0 | F6: 01FC215-01
A7: 01XV215-06<>ABERTA | B7: =VLOOKUP(tbl_Modules_data[[#This Row],[Interlock]],Sheet2!A:B,2,FALSE) -> #N/A | D7: '//01XV215-06/PV_D.CV' != 'SJC-vlvnc-pv:ABERTA' | E7: 01XV215-06 <> ABERTA | F7: 01FC215-01
A8: 1176-07-4 | B8: =VLOOKUP(tbl_Modules_data[[#This Row],[Interlock]],Sheet2!A:B,2,FALSE) -> 1176-07-04 | C8: U | D8: ('//01LI220-01/PV.CV' > 40.0) OR ('//01LAH220-02/PV' = TRUE) | E8: 01LI220-01 > 40.0 OU 01LAH220-02 = HILVL | F8: 01FC229-05,01M531
A9: (01XV220-05<>ABERTAOU(01M223=DESLIGADAE01M222=DESLIGADA | B9: =VLOOKUP(tbl_Modules_data[[#This Row],[Interlock]],Sheet2!A:B,2,FALSE) -> #N/A | D9: ('//01XV220-05/PV_D.CV' != 'SJC-vlvnc-pv:ABERTA')OR ('//01M223/PV_D.CV' = 'SJC_MOTOR-21_PV:DESLIGADA' AND '//01M222/PV_D.CV' = 'SJC_MOTOR-21_PV:DESLIGADA') | E9: (01XV216-02 <> ABERTA OU (01M223 = DESLIGADA E 01M222 = DESLIGADA | F9: 01FC229-06
B10: =VLOOKUP(tbl_Modules_data[[#This Row],[Interlock]],Sheet2!A:B,2,FALSE) -> #N/A | E10: 01M233 = DESLIGADA E 01M234 = DESLIGADA | F10: 01FC238-06
A11: 01SF384-90=DESABILITADO | B11: =VLOOKUP(tbl_Modules_data[[#This Row],[Interlock]],Sheet2!A:B,2,FALSE) -> #N/A | D11: '//01SF384-90/PV.CV' = 'SJC_01SF380-90_PV:DESABILITADO' | E11: 01SF384-90 = DESABILITADO | F11: 01FC384-05
A12: 01XV384-10=ABERTA | B12: =VLOOKUP(tbl_Modules_data[[#This Row],[Interlock]],Sheet2!A:B,2,FALSE) -> #N/A | D12: '//01XV384-10/DC1/PV_D.CV' = 'SJC-vlvnc-pv:ABERTA' | E12: 01XV384-10 = ABERTA | F12: 01FC384-05
A13: 01XV460-17<>ABERTA | B13: =VLOOKUP(tbl_Modules_data[[#This Row],[Interlock]],Sheet2!A:B,2,FALSE) -> #N/A | D13: '//01XV460-17/PV_D.CV' != 'SJC-vlvnc-pv:ABERTA' | E13: 01XV460-17 <> ABERTA | F13: 01FC460-10
A14: (01M417<>LIGADAE01M418<>LIGADA)EXV415-07=FECHADA | B14: =VLOOKUP(tbl_Modules_data[[#This Row],[Interlock]],Sheet2!A:B,2,FALSE) -> #N/A | D14: ('//01M417/DC1/PV_D.CV' != 'SJC_MOTOR-21_PV:LIGADA' AND '//01M418/DC1/PV_D.CV' != 'SJC_MOTOR-21_PV:LIGADA') AND '//01XV415-07/DC1/PV_D.CV' = 'SJC-vlvnc-pv:FECHADA'; | E14: (01M417 <> LIGADA E 01M418 <> LIGADA) E XV415-07 = FECHADA | F14: 01FC460-10
A15: 01XV480-07<>ABERTAE01XV480-08<>ABERTAPOR30SEG | B15: =VLOOKUP(tbl_Modules_data[[#This Row],[Interlock]],Sheet2!A:B,2,FALSE) -> #N/A | D15: ('//01XV480-07/PV_D.CV' != 'SJC-vlvnc-pv:ABERTA') AND ('//01XV480-08/PV_D.CV' != 'SJC-vlvnc-pv:ABERTA') | E15: 01XV480-07 <> ABERTA E 01XV480-08 <> ABERTA POR 30 SEG | F15: 01FC480-06,01LC219-01A
A16: 01XV485-10<>ABERTAE01XV485-08<>ABERTA | B16: =VLOOKUP(tbl_Modules_data[[#This Row],[Interlock]],Sheet2!A:B,2,FALSE) -> #N/A | D16: ('//01XV485-10/PV_D.CV' != 'SJC-vlvnc-pv:ABERTA' AND '//01XV485-08/PV_D.CV' != 'SJC-vlvno-pv:ABERTA') | E16: 01XV485-10 <> ABERTA E 01XV485-08 <> ABERTA | F16: 01FC485-05
A17: 01XV219-05=FECHADA | B17: =VLOOKUP(tbl_Modules_data[[#This Row],[Interlock]],Sheet2!A:B,2,FALSE) -> #N/A | D17: '//01XV219-05/DC1/PV_D.CV' = 'SJC-vlvnc-pv:FECHADA' | E17: 01XV219-05 = FECHADA | F17: 01FC488-06
A18: 01XV515-20<>ABERTAE01XV515-31<>ABERTA | B18: =VLOOKUP(tbl_Modules_data[[#This Row],[Interlock]],Sheet2!A:B,2,FALSE) -> #N/A | D18: '//01XV515-20/PV_D.CV' != 'SJC-vlvnc-pv:ABERTA' AND '//01XV515-31/PV_D.CV' != 'SJC-vlvnc-pv:ABERTA' | E18: 01XV515-20 <> ABERTA E 01XV515-31 <> ABERTA | F18: 01FC515-19
A19: 01XV516-20<>ABERTAE01XV516-31<>ABERTA | B19: =VLOOKUP(tbl_Modules_data[[#This Row],[Interlock]],Sheet2!A:B,2,FALSE) -> #N/A | D19: '//01XV516-20/PV_D.CV' != 'SJC-vlvnc-pv:ABERTA' AND '//01XV516-31/PV_D.CV' != 'SJC-vlvnc-pv:ABERTA' | E19: 01XV516-20 <> ABERTA E 01XV516-31 <> ABERTA | F19: 01FC516-19
B20: =VLOOKUP(tbl_Modules_data[[#This Row],[Interlock]],Sheet2!A:B,2,FALSE) -> #N/A | D20: '//01XV519-05/PV_D.CV' != 'SJC-vlvnc-pv:ABERTA' | F20: 01FC519-02
A21: TRACKNOPATH | B21: =VLOOKUP(tbl_Modules_data[[#This Row],[Interlock]],Sheet2!A:B,2,FALSE) -> #N/A | F21: 01FC519-02
A22: 01XV520-25<>ABERTAE01XV520-07<>ABERTA | B22: =VLOOKUP(tbl_Modules_data[[#This Row],[Interlock]],Sheet2!A:B,2,FALSE) -> #N/A | D22: '//01XV520-25/PV_D.CV' != 'SJC-vlvnc-pv:ABERTA' AND '//01XV520-07/PV_D.CV' != 'SJC-vlvnc-pv:ABERTA' | E22: 01XV520-25 <> ABERTA E 01XV520-07 <> ABERTA | F22: 01FC520-05
A23: 01XV520-28<>ABERTA | B23: =VLOOKUP(tbl_Modules_data[[#This Row],[Interlock]],Sheet2!A:B,2,FALSE) -> #N/A | D23: ('//01XV520-28/PV_D.CV' != 'SJC-vlvnc-pv:ABERTA') | E23: 01XV520-28 <> ABERTA | F23: 01FC520-27
A24: 1176-30-2 | B24: =VLOOKUP(tbl_Modules_data[[#This Row],[Interlock]],Sheet2!A:B,2,FALSE) -> 1176-30-02 | C24: 4 | D24: ('//01AI255-06/PV.CV' > 2000.0) | E24: 01AI255-06 > 2000.0 | F24: 01FC785-05,01LC785-01,01M256,01M976
A25: TRACKNOPATH | B25: =VLOOKUP(tbl_Modules_data[[#This Row],[Interlock]],Sheet2!A:B,2,FALSE) -> #N/A | D25: ('//01XV640-04/PV_D.CV' != 'SJC-vlvnc-pv:ABERTA' AND '//01XV920-19/PV_D.CV' != 'SJC-vlvnc-pv:ABERTA') OR '//01XV920-20/PV_D.CV' != 'SJC-vlvnc-pv:ABERTA' | E25: 01XV640-04 <> ABERTA E 01XV920-19 <> ABERTA OU 01XV920-20 <> ABERTA | F25: 01FC920-03
A26: 1176-28-14 | B26: =VLOOKUP(tbl_Modules_data[[#This Row],[Interlock]],Sheet2!A:B,2,FALSE) -> 1176-28-14 | C26: 4 | D26: ('//01M923/PV_D' != 'SJC_MOTOR-21_PV:LIGADA') AND ('//01M924/PV_D' != 'SJC_MOTOR-21_PV:LIGADA') | E26: 01M923 <> LIGADA AND 01M924 <> LIGADA | F26: 01FC920-03,01XV920-19
A27: 1176-28-4 | B27: =VLOOKUP(tbl_Modules_data[[#This Row],[Interlock]],Sheet2!A:B,2,FALSE) -> 1176-28-04 | C27: 4 | D27: ('//01LAH920-26/PV' = TRUE) | E27: 01LAH920-26 = HILVL | F27: 01FC920-03,01FC920-29,01XV920-15,01XV920-19,01XV920-20,01XV920-24,01XV920-31
A28: TRACKNOPATH | B28: =VLOOKUP(tbl_Modules_data[[#This Row],[Interlock]],Sheet2!A:B,2,FALSE) -> #N/A | D28: '//01XV920-15/PV_D.CV' != 'SJC-vlvnc-pv:ABERTA' | E28: 01XV920-15 <> ABERTA | F28: 01FC920-29
B29: =VLOOKUP(tbl_Modules_data[[#This Row],[Interlock]],Sheet2!A:B,2,FALSE) -> #N/A | D29: (*('//01M923/PV_D' != 'SJC_MOTOR-21_PV:LIGADA') AND ('//01M924/PV_D' != 'SJC_MOTOR-21_PV:LIGADA')*) FALSE | F29: 01FC930-03
A30: TRACKNOPATH | B30: =VLOOKUP(tbl_Modules_data[[#This Row],[Interlock]],Sheet2!A:B,2,FALSE) -> #N/A | D30: '//01ALIN-FLAG/PV.CV' = 'ks_KOH_IPA_vlv_CS:INVALID' OR '//01XV930-40/PV_D.CV' != 'SJC-vlvnc-pv:ABERTA' OR '//01SV930-08/PV_D.CV' != 'SJC-vlvnc-pv:ABERTA' OR '//01XV930-21/PV_D.CV' != 'SJC-vlvnc-pv:ABERTA' OR '//01XV930-54/PV_D.CV' != 'SJC-vlv-01XV930-54-PV:BASE' | E30: ((01ALIN-FLAG = INVALID))E ((01XV930-40 <> ABERTA OU 01SV930-08 <> ABERTA)OU (01XV930-21 <> ABERTA OU 01XV930-54 <> BASE)) | F30: 01FC930-08
A31: TRACKNOPATH | B31: =VLOOKUP(tbl_Modules_data[[#This Row],[Interlock]],Sheet2!A:B,2,FALSE) -> #N/A | D31: '//01XV950-05/PV_D.CV' != 'SJC-vlvnc-pv:ABERTA' AND '//01XV960-05/PV_D.CV' != 'SJC-vlvnc-pv:ABERTA' AND '//01XV950-07/PV_D.CV' != 'SJC-vlvnc-pv:ABERTA' | E31: 01XV950-05 <> ABERTA E 01XV960-05 <> ABERTA E 01XV950-07 <> ABERTA | F31: 01FC930-27
A32: TRACKNOPATH | B32: =VLOOKUP(tbl_Modules_data[[#This Row],[Interlock]],Sheet2!A:B,2,FALSE) -> #N/A | D32: '//01XV930-24/PV_D.CV' != 'SJC-vlvnc-pv:ABERTA' | E32: 01XV930-24 <> ABERTA | F32: 01FC930-28
A33: 01M751=DESLIGADA | B33: =VLOOKUP(tbl_Modules_data[[#This Row],[Interlock]],Sheet2!A:B,2,FALSE) -> #N/A | D33: ('//01M751/PV_D' = 'SJC_MOTOR-21_PV:DESLIGADA') | E33: 01M751 = DESLIGADA | F33: 01HC640-06
A34: 01SF380-90=HABILITADO | B34: =VLOOKUP(tbl_Modules_data[[#This Row],[Interlock]],Sheet2!A:B,2,FALSE) -> #N/A | D34: '//01SF380-90/PV.CV' = 'SJC_01SF380-90_PV:HABILITADO' | E34: 01SF380-90 = HABILITADO | F34: 01LC219-01A
A35: 1176-45-1 | B35: =VLOOKUP(tbl_Modules_data[[#This Row],[Interlock]],Sheet2!A:B,2,FALSE) -> 1176-45-01 | C35: 4 | D35: ('//01LC838-01/PV.CV' > 98.0) | E35: 01LC838-01 > 98.0 | F35: 01LC838-01
A36: TRACKDEMAND | B36: =VLOOKUP(tbl_Modules_data[[#This Row],[Interlock]],Sheet2!A:B,2,FALSE) -> #N/A | D36: '//01LC920-01_TRK/ACT_TRK.CV'=TRUE | F36: 01LC920-01
A37: 01SF384-90=DESABILITADOOU01FC384-05.MODE<>CASPOR5SEG | B37: =VLOOKUP(tbl_Modules_data[[#This Row],[Interlock]],Sheet2!A:B,2,FALSE) -> #N/A | D37: '//01FC384-05_AUX/CND1_FC384-05.CV' | E37: 01SF384-90 = DESABILITADO OU 01FC384-05.MODE <> CAS POR 5 SEG | F37: 01LCH219-01,01LCH380-01,01LCL219-01,01LCL380-01
A38: 1176-34-2 | B38: =VLOOKUP(tbl_Modules_data[[#This Row],[Interlock]],Sheet2!A:B,2,FALSE) -> 1176-34-02 | C38: U | D38: ('//01II135-01/PV.CV' < 9.0) AND ('//01M135/PV_D' = 'SJC_MOTOR-21_PV:LIGADA') | E38: 01II135-01 < 9.0 e 01M135 = LIGADA POR 30 SEG | F38: 01M135
A39: 1176-34-4 | B39: =VLOOKUP(tbl_Modules_data[[#This Row],[Interlock]],Sheet2!A:B,2,FALSE) -> 1176-34-04 | C39: U | D39: ('//01XV133-08/PV_D.CV' !='SJC-vlvnc-pv:ABERTA') | E39: 01XV133-08 <> ABERTA | F39: 01M135,01M136
A40: 1176-05-33 | B40: =VLOOKUP(tbl_Modules_data[[#This Row],[Interlock]],Sheet2!A:B,2,FALSE) -> 1176-05-33 | C40: 4 | D40: '//01M837/PV_D.CV' = 'SJC_MOTOR-21_PV:DESLIGADA' AND '//01M836/PV_D.CV' = 'SJC_MOTOR-21_PV:DESLIGADA' | E40: 01M837 = DESLIGADO E 01M836 = DESLIGADO | F40: 01M135,01M136,01M158,01M159,01M213,01M233,01M234,01M256,01M341,01M526,01M528,01M531,01M976
A41: 1176-34-3 | B41: =VLOOKUP(tbl_Modules_data[[#This Row],[Interlock]],Sheet2!A:B,2,FALSE) -> 1176-34-03 | C41: U | D41: ('//01II136-01/PV.CV' < 9.0) AND ('//01M136/PV_D' = 'SJC_MOTOR-21_PV:LIGADA') | E41: 01II136-01 < 9.0 e 01M136 = LIGADA POR 30 SEG | F41: 01M136
A42: 6003-221-06 | B42: =VLOOKUP(tbl_Modules_data[[#This Row],[Interlock]],Sheet2!A:B,2,FALSE) -> 6003-221-06 | C42: 4 | D42: '//01LAH137-04/DI1/PV_D.CV' = TRUE; | E42: 01LAH137-04 = HILVL | F42: 01M140
A43: 6003-221-08 | B43: =VLOOKUP(tbl_Modules_data[[#This Row],[Interlock]],Sheet2!A:B,2,FALSE) -> 6003-221-08 | C43: 4 | D43: ('//06ZA945-02/PV' != 0 ) OR '//06M945/PV_D' ='SJC_MOTOR-21_PV:LIGADA' | E43: 06ZA945-02<>NORMAL OR 06M945=LIGADO | F43: 01M140
A44: 6003-221-04 | B44: =VLOOKUP(tbl_Modules_data[[#This Row],[Interlock]],Sheet2!A:B,2,FALSE) -> 6003-221-04 | C44: 4 | D44: ('//01M145/PV_D' = 'SJC_MOTOR-21_PV:LIGADA') AND ('//01II145-01/PV.CV' < 7.5) | E44: 01M145 = LIGADA E 01II145-01 < 7.5 POR 30 SEG | F44: 01M145
A45: 1176-47-3 | B45: =VLOOKUP(tbl_Modules_data[[#This Row],[Interlock]],Sheet2!A:B,2,FALSE) -> 1176-47-03 | C45: U | D45: ('//01LI137-01/PV.CV' < 10.0) | E45: 01LI137-01 < 10.0 | F45: 01M145,01M146
A46: 6003-221-01 | B46: =VLOOKUP(tbl_Modules_data[[#This Row],[Interlock]],Sheet2!A:B,2,FALSE) -> 6003-221-01 | C46: 3 | D46: ('//21AI607-08/PV.CV' >= 8.0) OR ('//21AI607-12/PV.CV' >= 8.0) | E46: 21AI607-08 => 8 OU 21AI607-12 => 8 | F46: 01M145
A47: 6003-221-02 | B47: =VLOOKUP(tbl_Modules_data[[#This Row],[Interlock]],Sheet2!A:B,2,FALSE) -> 6003-221-02 | C47: 4 | D47: '//01HV145-02/PV_D.CV' != '_SJC_STATES_HV02:ABERTA' AND '/DC1/PV_D.CV'= 'SJC_MOTOR-21_PV:LIGADA' | E47: 01HV145-02 <> ABERTA E 01M145 = RUN POR 10SEG | F47: 01M145
A48: 6003-221-05 | B48: =VLOOKUP(tbl_Modules_data[[#This Row],[Interlock]],Sheet2!A:B,2,FALSE) -> 6003-221-05 | C48: 4 | D48: ('//01M146/PV_D' = 'SJC_MOTOR-21_PV:LIGADA') AND ('//01II146-01/PV.CV' < 7.5) | E48: 01M146 = LIGADA E 01II146-01 < 7.5 POR 30S | F48: 01M146
A49: 6003-221-01 | B49: =VLOOKUP(tbl_Modules_data[[#This Row],[Interlock]],Sheet2!A:B,2,FALSE) -> 6003-221-01 | C49: 3 | D49: ('//21AI607-08/PV.CV' > 8.0) OR ('//21AI607-12/PV.CV' > 8.0) | E49: 21AI607-08 > 8 OU 21AI607-12 > 8 | F49: 01M146
... A68: 1176-05-A1 | B68: =VLOOKUP(tbl_Modules_data[[#This Row],[Interlock]],Sheet2!A:B,2,FALSE) -> 1176-05-A1 | C68: U | D68: ('//01PAL212-05/DI1/PV_D.CV' = TRUE) AND ( '/DC1/PV_D.CV' = 'SJC_MOTOR-21_PV:LIGADA' ) AND ('//01M212_SEL/PV' = 'SJC_212_SEL:GLYCOL') | E68: 01PAL212-05 = LOWPRESS AND 01M212-02 = LIGADA POR 15 SEG E 01M212_SEL = GLYCOL | F68: 01M212-02
B69: =VLOOKUP(tbl_Modules_data[[#This Row],[Interlock]],Sheet2!A:B,2,FALSE) -> #N/A | F69: 01M212-02,01M511,01M511,01XV211-14,01XV211-16,01XV211-31,01XV516-08,01XV516-08,05XV848-05,05XV901-01,05XV901-02,05XV901-03,06M945,06M945,06M945,06M945,06M945
A70: 1176-05-15 | B70: =VLOOKUP(tbl_Modules_data[[#This Row],[Interlock]],Sheet2!A:B,2,FALSE) -> 1176-05-15 | C70: U | D70: ('//01XV211-06/PV_D.CV' !='SJC-vlvnc-pv:ABERTA') | E70: 01XV211-06 <> ABERTA | F70: 01M213
A71: 1176-05-16 | B71: =VLOOKUP(tbl_Modules_data[[#This Row],[Interlock]],Sheet2!A:B,2,FALSE) -> 1176-05-16 | C71: U | D71: ('//01II213-01/PV.CV' < 52.0) AND ('//01M213/PV_D' = 'SJC_MOTOR-21_PV:LIGADA') | E71: 01II213-01 < 52.0 E 01M213 = LIGADA POR 30 SEG | F71: 01M213
A72: 1176-05-40 | B72: =VLOOKUP(tbl_Modules_data[[#This Row],[Interlock]],Sheet2!A:B,2,FALSE) -> 1176-05-40 | C72: 4 | D72: ('//01PAL213-04/DI1/PV_D.CV' = TRUE) | E72: (01PAL213-04 = LOWPRESS) DURANTE 15 s | F72: 01M213
A73: 1176-46-8 | B73: =VLOOKUP(tbl_Modules_data[[#This Row],[Interlock]],Sheet2!A:B,2,FALSE) -> 1176-46-08 | C73: U | D73: ('//01II217-01/PV.CV' < 54.0 AND '//01M217/PV_D' = 'SJC_MOTOR-21_PV:LIGADA') | E73: (01II217-01 < 54.0 e 01M217 = LIGADA) POR 30 SEG | F73: 01M217
A74: 1176-46-9 | B74: =VLOOKUP(tbl_Modules_data[[#This Row],[Interlock]],Sheet2!A:B,2,FALSE) -> 1176-46-09 | C74: U | D74: ('//01II218-01/PV.CV' < 54.0 AND '//01M218/PV_D' = 'SJC_MOTOR-21_PV:LIGADA') | E74: (01II218-01 < 54.0) e (01M218 = LIGADA) POR 30 SEG | F74: 01M218
A75: 14024-46-01 | B75: =VLOOKUP(tbl_Modules_data[[#This Row],[Interlock]],Sheet2!A:B,2,FALSE) -> 14024-46-01 | C75: 4 | D75: ('//01LC219-01/PV.CV' < 20.0) | E75: 01LC219-01 < 20 | F75: 01M218
A76: 14024-64-04 | B76: =VLOOKUP(tbl_Modules_data[[#This Row],[Interlock]],Sheet2!A:B,2,FALSE) -> 14024-64-04 | C76: 4 | D76: ('//01LI380-01/PV.CV' > 99.0) OR ('//01LAH380-02/PV' = TRUE) | E76: (01LI380-01 > 99) ou (01LAH380-02 = HILVL) | F76: 01M218
A77: 1176-07-2 | B77: =VLOOKUP(tbl_Modules_data[[#This Row],[Interlock]],Sheet2!A:B,2,FALSE) -> 1176-07-02 | C77: U | D77: ('//01II222-01/PV.CV' < 8.0) AND ('//01M222/PV_D' = 'SJC_MOTOR-21_PV:LIGADA') | E77: 01II222-01 < 8.0 E 01M222 = LIGADA POR 30 SEG | F77: 01M222
A78: 1176-07-6 | B78: =VLOOKUP(tbl_Modules_data[[#This Row],[Interlock]],Sheet2!A:B,2,FALSE) -> 1176-07-06 | C78: U | D78: '//01FAL222-04/PV' = TRUE | E78: 01FAL222-04 = LOFLOW POR 5 SEG | F78: 01M222,01M223
A79: 1176-07-3 | B79: =VLOOKUP(tbl_Modules_data[[#This Row],[Interlock]],Sheet2!A:B,2,FALSE) -> 1176-07-03 | C79: U | D79: ('//01II223-01/PV.CV' < 8.0 AND '//01M223/PV_D' = 'SJC_MOTOR-21_PV:LIGADA') | E79: (01II223-01 < 8.0 e 01M223 = LIGADA) POR 30 SEG | F79: 01M223
A80: 1176-46-10 | B80: =VLOOKUP(tbl_Modules_data[[#This Row],[Interlock]],Sheet2!A:B,2,FALSE) -> 1176-46-10 | C80: U | D80: ('//01II227-01/PV.CV' < 75.0 AND '//01M227/PV_D' = 'SJC_MOTOR-21_PV:LIGADA') | E80: (01II227-01 < 75.0 E 01M227 = LIGADA) POR 30 SEG | F80: 01M227
A81: 1176-46-11 | B81: =VLOOKUP(tbl_Modules_data[[#This Row],[Interlock]],Sheet2!A:B,2,FALSE) -> 1176-46-11 | C81: U | D81: ('//01II228-01/PV.CV' < 75.0 AND '//01M228/PV_D' = 'SJC_MOTOR-21_PV:LIGADA') | E81: (01II228-01 < 75.0 E 01M228 = LIGADA) POR 30 SEG | F81: 01M228
A82: 1176-10-13CLASSU | B82: =VLOOKUP(tbl_Modules_data[[#This Row],[Interlock]],Sheet2!A:B,2,FALSE) -> #N/A | D82: '//01II232-01/PV.CV' > 7 | E82: II-232-01 > 7A for 30 sec | F82: 01M232
A83: 1176-10-1 | B83: =VLOOKUP(tbl_Modules_data[[#This Row],[Interlock]],Sheet2!A:B,2,FALSE) -> 1176-10-01 | C83: 4 | D83: ('//01LI231-01/PV.CV' > 98.0) OR ('//01LAH231-02/PV' = TRUE) | E83: 01LI231-01 > 98.0 OU 01LAH231-02 = HILVL | F83: 01XV211-09,01XV211-33,01XV211-36,01XV231-07,01XV231-09,01XV233-01,01XV234-01,01XV244-05,01XV244-08
A84: 1176-10-4 | B84: =VLOOKUP(tbl_Modules_data[[#This Row],[Interlock]],Sheet2!A:B,2,FALSE) -> 1176-10-04 | C84: U | D84: ('//01II233-01/PV.CV' < 53.0) AND ('//01M233/PV_D' = 'SJC_MOTOR-21_PV:LIGADA') | E84: 01II233-01 < 53.0 E 01M233 = LIGADA POR 30 SEG | F84: 01M233
A85: 1176-10-6 | B85: =VLOOKUP(tbl_Modules_data[[#This Row],[Interlock]],Sheet2!A:B,2,FALSE) -> 1176-10-06 | C85: U | D85: ('//01XV231-05/PV_D.CV' !='SJC-vlvnc-pv:ABERTA') | E85: 01XV231-05 <> ABERTA POR 60 SEG | F85: 01M233,01M234
A86: 1176-10-9 | B86: =VLOOKUP(tbl_Modules_data[[#This Row],[Interlock]],Sheet2!A:B,2,FALSE) -> 1176-10-09 | C86: U | D86: ('//01XV238-19/PV_D.CV' !='SJC-vlvno-pv:ABERTA') | E86: 01XV238-19 <> ABERTA POR 60 SEG | F86: 01M233,01M234
A87: 1176-10-11 | B87: =VLOOKUP(tbl_Modules_data[[#This Row],[Interlock]],Sheet2!A:B,2,FALSE) -> 1176-10-11 | C87: 4 | D87: ('//01M301/PV_D' = 'SJC_MOTOR-21_PV:DESLIGADA') AND ('//01M302/PV_D' = 'SJC_MOTOR-21_PV:DESLIGADA') | E87: 01M301 = DESLIGADA E 01M302 = DESLIGADA | F87: 01M233,01M234,01XV231-05
A88: 1176-11-2 | B88: =VLOOKUP(tbl_Modules_data[[#This Row],[Interlock]],Sheet2!A:B,2,FALSE) -> 1176-11-02 | C88: 4 | D88: ('//01LI239-01/PV.CV' > 95.0) OR ('//01LAH239-02/PV' = TRUE) | E88: 01LI239-01 > 95.0 OU 01LAH239-02 = HILVL | F88: 01M233,01M234,01XV238-10,01XV239-11,01XV247-02
A89: 1176-11-4 | B89: =VLOOKUP(tbl_Modules_data[[#This Row],[Interlock]],Sheet2!A:B,2,FALSE) -> 1176-11-04 | C89: U | D89: ('//01PDC238-04/PV.CV' > 3.5) | E89: 01PDC238-04 > 3.5 | F89: 01M233,01M234
B90: =VLOOKUP(tbl_Modules_data[[#This Row],[Interlock]],Sheet2!A:B,2,FALSE) -> #N/A | E90: 01M234_INT | F90: 01M234
A91: 1176-10-7 | B91: =VLOOKUP(tbl_Modules_data[[#This Row],[Interlock]],Sheet2!A:B,2,FALSE) -> 1176-10-07 | C91: U | D91: ('//01II234-01/PV.CV' < 53.0) AND ('//01M234/PV_D' = 'SJC_MOTOR-21_PV:LIGADA') | E91: 01II234-01 < 53.0 E 01M234 = LIGADA POR 30 SEG | F91: 01M234
A92: 1176-11-1 | B92: =VLOOKUP(tbl_Modules_data[[#This Row],[Interlock]],Sheet2!A:B,2,FALSE) -> 1176-11-01 | C92: U | D92: ('//01IAH238-13/PV' = TRUE) | E92: 01IAH238-13 = HIAMP | F92: 01M238
A93: 1176-11-1 | B93: =VLOOKUP(tbl_Modules_data[[#This Row],[Interlock]],Sheet2!A:B,2,FALSE) -> 1176-11-01 | C93: U | D93: ('//01II238-13/PV.CV' > 4.6) | E93: 01II238-13 > 4.6 POR 5 SEG | F93: 01M238
A94: 1176-11-5 | B94: =VLOOKUP(tbl_Modules_data[[#This Row],[Interlock]],Sheet2!A:B,2,FALSE) -> 1176-11-05 | C94: U | D94: ('//01II241-01/PV.CV' < 12.5) AND ('//01M241/PV_D' = 'SJC_MOTOR-21_PV:LIGADA') | E94: 01II241-01 < 12.5 E 01M241 = LIGADA POR 30 SEG | F94: 01M241
A95: 1176-21-6 | B95: =VLOOKUP(tbl_Modules_data[[#This Row],[Interlock]],Sheet2!A:B,2,FALSE) -> 1176-21-06 | C95: 4 | D95: ('//01M301/PV_D' = 'SJC_MOTOR-21_PV:DESLIGADA') AND ('//01M302/PV_D' = 'SJC_MOTOR-21_PV:DESLIGADA') | E95: 01M301 = DESLIGADA E 01M302 = DESLIGADA | F95: 01M241,01M242,01M510,01M511,01M512,01XV500-05,01XV500-07,01XV500-10
A96: 1176-11-11 | B96: =VLOOKUP(tbl_Modules_data[[#This Row],[Interlock]],Sheet2!A:B,2,FALSE) -> 1176-11-11 | C96: 4 | D96: '//01FAL241-04/PV' = TRUE | E96: 01FAL241-04 = LOFLOW POR 5 SEG | F96: 01M241,01M242
A97: 1176-11-6 | B97: =VLOOKUP(tbl_Modules_data[[#This Row],[Interlock]],Sheet2!A:B,2,FALSE) -> 1176-11-06 | C97: U | D97: ('//01II242-01/PV.CV' < 12.5) AND ('//01M242/PV_D' = 'SJC_MOTOR-21_PV:LIGADA') | E97: 01II242-01 < 12.5 E 01M242 = LIGADA POR 30 SEG | F97: 01M242
A98: 17005-1001-3 | B98: =VLOOKUP(tbl_Modules_data[[#This Row],[Interlock]],Sheet2!A:B,2,FALSE) -> 17005-1001-03 | C98: 4 | D98: (*Nivel baixo do tanque pulmao 1-248*) '//01LI248-01/AI1/PV.CV' < 5 | E98: 01LI248-01 < 5% | F98: 01M249
A99: 1176-30-1 | B99: =VLOOKUP(tbl_Modules_data[[#This Row],[Interlock]],Sheet2!A:B,2,FALSE) -> 1176-30-01 | C99: U | D99: ('//01II256-01/PV.CV' < 12.9) AND ('//01M256/PV_D' = 'SJC_MOTOR-21_PV:LIGADA') | E99: 01II256-01 < 12.9 e 01M256 = LIGADA POR 30 SEG | F99: 01M256
A100: 1176-30-3 | B100: =VLOOKUP(tbl_Modules_data[[#This Row],[Interlock]],Sheet2!A:B,2,FALSE) -> 1176-30-03 | C100: U | D100: ('//01PI258-01/PV.CV' > 3.7) OR ('//01LI255-01/PV.CV' < 10.0) | E100: 01PI258-01 > 3.7 OU 01LI255-01 < 10.0 | F100: 01M256
A101: 1176-19-11 | B101: =VLOOKUP(tbl_Modules_data[[#This Row],[Interlock]],Sheet2!A:B,2,FALSE) -> 1176-19-11 | C101: 4 | D101: '//01LAH530-02/PV' = TRUE | E101: 01LAH530-02 = HILVL | F101: 01M256,01XV460-17,01XV525-07,01XV525-10,01XV530-06,01XV530-09,01XV530-15
A102: 1176-46-1 | B102: =VLOOKUP(tbl_Modules_data[[#This Row],[Interlock]],Sheet2!A:B,2,FALSE) -> 1176-46-01 | C102: 4 | D102: ('//01LC219-01/PV.CV' > 95.0) OR ('//01LAH219-02/PV.CV' = TRUE) | E102: (01LC219-01 > 95.0) OU (01LAH219-02 = HILVL) | F102: 01M381,01M382
... A173: 1176-23-30 | B173: =VLOOKUP(tbl_Modules_data[[#This Row],[Interlock]],Sheet2!A:B,2,FALSE) -> 1176-23-30 | C173: U | D173: '//01FAL526-04/PV' = TRUE | E173: 01FAL526-04 = LOFLOW POR 5 SEG | F173: 01M526,01M528
B174: =VLOOKUP(tbl_Modules_data[[#This Row],[Interlock]],Sheet2!A:B,2,FALSE) -> #N/A | F174: 01M526,01M526,01M526,01M780,01M780,01M780,01M781,01M781,01M781,01M953,01SV901-05_EN,01SV910-07_EN,01XV384-13,01XV910-09,01XV911-09,01XV911-18,01XV960-05,02M105,02XV102-06,02XV102-06,02XV102-06,02XV102-06,02XV103-09,02XV103-09,02XV103-09,02XV103-09,02XV103-10,03M301,03XV301-03,03XV301-03,03XV301-03,03XV301-03,03XV301-03,05M302,05M302,05M310,05M310,05M310,05M310,05M652,05M800,05M805,05M821,05XV308-08,05XV640-22,05XV848-05,05XV901-01,05XV901-02,05XV901-03,06M168,06M240,06M240,06M240,06XV114-06,06XV114-10,06XV765-06,06XV765-14,06XV765-14,08XV101-01,08XV102-01,08XV102-02,08XV103-01
A175: 1176-23-22 | B175: =VLOOKUP(tbl_Modules_data[[#This Row],[Interlock]],Sheet2!A:B,2,FALSE) -> 1176-23-22 | C175: U | D175: ('//01II528-01/PV.CV' < 9.0) AND ('//01M528/PV_D' = 'SJC_MOTOR-21_PV:LIGADA') | E175: 01II528-01 < 9.0 E 01M528 = LIGADA POR 30 SEG | F175: 01M528
A176: 1176-23-22 | B176: =VLOOKUP(tbl_Modules_data[[#This Row],[Interlock]],Sheet2!A:B,2,FALSE) -> 1176-23-22 | C176: U | D176: ('//01XV525-06/PV_D.CV' ='SJC-vlvno-pv:FECHADA') AND ( '//01XV525-07/PV_D.CV' ='SJC-vlvnc-pv:FECHADA') AND ('//01XV525-15/PV_D.CV' ='SJC-vlvnc-pv:FECHADA') | E176: 01XV525-06 = FECHADA E 01XV525-07 = FECHADA E 01XV525-15 =FECHADA | F176: 01M528
B177: =VLOOKUP(tbl_Modules_data[[#This Row],[Interlock]],Sheet2!A:B,2,FALSE) -> #N/A | E177: 01M531_INT | F177: 01M531
A178: 1176-13-2 | B178: =VLOOKUP(tbl_Modules_data[[#This Row],[Interlock]],Sheet2!A:B,2,FALSE) -> 1176-13-02 | C178: 4 | D178: ('//01LI415-02/PV.CV' > 95.0) AND ('//01XV530-14/PV_D.CV' = 'SJC_XV530-14TEMP:EFT') AND ('//01XV530-10/PV_D.CV' = 'SJC_VALVE12-3W:TRANSFERIR') | E178: 01LI415-02 > 95.0 E 01XV530-14 = EFT E 01XV530-10 = TRANSFERIR | F178: 01M531,01XV530-10
A179: 1176-13-6 | B179: =VLOOKUP(tbl_Modules_data[[#This Row],[Interlock]],Sheet2!A:B,2,FALSE) -> 1176-13-06 | C179: 4 | D179: ('//01LAH415-02/PV' = TRUE) AND ('//01XV530-14/PV_D.CV' = 'SJC_XV530-14TEMP:EFT') AND ('//01XV530-10/PV_D.CV' = 'SJC_VALVE12-3W:TRANSFERIR') | E179: 01LAH415-02 = HILVL E 01XV530-14 = EFT E 01XV530-10 = TRANSFERIR | F179: 01M531,01XV530-10
A180: 1176-19-6 | B180: =VLOOKUP(tbl_Modules_data[[#This Row],[Interlock]],Sheet2!A:B,2,FALSE) -> 1176-19-06 | C180: U | D180: ('//01II531-01/PV.CV' < 6.7) AND ('//01M531/PV_D' = 'SJC_MOTOR-21_PV:LIGADA') | E180: 01II531-01 < 6.7 E 01M531 = LIGADA POR 30 SEG | F180: 01M531
A181: 1176-19-7 | B181: =VLOOKUP(tbl_Modules_data[[#This Row],[Interlock]],Sheet2!A:B,2,FALSE) -> 1176-19-07 | C181: U | D181: ('//01XV530-08/PV_D.CV' !='SJC-vlvnc-pv:ABERTA') AND ('//01XV530-09/PV_D.CV' !='SJC-vlvnc-pv:ABERTA') | E181: 01XV530-08 <> ABERTA E 01XV530-09 <> ABERTA POR 30 SEG | F181: 01M531
A182: 1176-19-8 | B182: =VLOOKUP(tbl_Modules_data[[#This Row],[Interlock]],Sheet2!A:B,2,FALSE) -> 1176-19-08 | C182: 4 | D182: ('//01LI500-01/PV.CV' > 75.0 OR '//01LAH500-02/PV.CV' = TRUE) AND ('//01XV530-14/PV_D.CV' = 'SJC_XV530-14TEMP:CFT') AND ('//01XV530-10/PV_D.CV' = 'SJC_VALVE12-3W:TRANSFERIR') | E182: (01LI500-01 > 75.0 OU 01LAH500-02= HILVL) E 01XV530-14 = CFT E 01XV530-10 = TRANSFERIR | F182: 01M531
A183: 1176-19-9 | B183: =VLOOKUP(tbl_Modules_data[[#This Row],[Interlock]],Sheet2!A:B,2,FALSE) -> 1176-19-09 | C183: U | D183: ('//01LAH530-03/PV' = TRUE) | E183: 01LAH530-03 = HILVL | F183: 01M531
A184: 1176-24-2 | B184: =VLOOKUP(tbl_Modules_data[[#This Row],[Interlock]],Sheet2!A:B,2,FALSE) -> 1176-24-02 | C184: 4 | D184: ('//01II640-07/PV.CV' > 36.0) OR ('//01II640-08/PV.CV' > 3.5) | E184: 01II640-07 > 36.0 OU 01II640-08 > 3.5 | F184: 01M640-1,01M640-2,01XV515-03,01XV516-03,01XV519-63
A185: 1176-24-10 | B185: =VLOOKUP(tbl_Modules_data[[#This Row],[Interlock]],Sheet2!A:B,2,FALSE) -> 1176-24-10 | C185: U | D185: '/DC1/PV_D.CV' ='SJC_MOTOR-21_PV:LIGADA' AND '//01SAL640-10/DI1/PV_D.CV' = TRUE | E185: SJC_MOTOR-21_PV:LIGADA AND 01SAL640-10 = TRUE | F185: 01M640-1
A186: 1176-24-1 | B186: =VLOOKUP(tbl_Modules_data[[#This Row],[Interlock]],Sheet2!A:B,2,FALSE) -> 1176-24-01 | C186: U | D186: ('//01M640-1/PV_D' != 'SJC_MOTOR-21_PV:LIGADA' OR '//01II640-07/PV.CV' < 0.1) AND '//01WI640-01/PV.CV' > 1000 | E186: (01M640-1 <> LIGADA OU 01II640-07 < 0.0) E WI640-01 > 1000 | F186: 01M640-2,01XV515-03,01XV516-03,01XV519-63
A187: 1176-24-6 | B187: =VLOOKUP(tbl_Modules_data[[#This Row],[Interlock]],Sheet2!A:B,2,FALSE) -> 1176-24-06 | C187: 3 | D187: ('//01SAL640-10/PV.CV' = TRUE) | E187: 01SAL640-10 = LOSPD | F187: 01M640-2
A188: 1176-08-4 | B188: =VLOOKUP(tbl_Modules_data[[#This Row],[Interlock]],Sheet2!A:B,2,FALSE) -> 1176-08-04 | C188: 4 | D188: ('//01PDI785-04/PV.CV' > -0.5) | E188: 01PDI785-04 > -0.5 | F188: 01M751,01XV771-10
...

Sheet Sheet2
A1: 00015-53-1
A2: 00015-53-3 | B2: 00015-53-03
A3: 00015-53-4 | B3: 00015-53-04
A4: 00015-53-5 | B4: 00015-53-05
A5: 00015-53-6 | B5: 00015-53-06
A6: 00015-53-7 | B6: 00015-53-07
A7: 00015-53-9 | B7: 00015-53-09
A8: 00015-53-11 | B8: 00015-53-11
A9: 00015-53-12 | B9: 00015-53-12
A10: 00015-53-13 | B10: 00015-53-13
A11: 00015-53-15 | B11: 00015-53-15
A12: 00015-53-16 | B12: 00015-53-16
A13: 00015-53-17 | B13: 00015-53-17
... A614: 9533D52-4 | B614: 9533-D-52-04
